,product-category,hazard-category,product,hazard
0,"meat, egg and dairy products",biological,ham slices,listeria spp
1,"meat, egg and dairy products",biological,ham slices,listeria spp
2,"meat, egg and dairy products",biological,ham slices,listeria spp
3,"meat, egg and dairy products",biological,garlic sausage,listeria monocytogenes
4,ices and desserts,biological,ice cream,salmonella
5,non-alcoholic beverages,chemical,fruit juice,patulin
6,cereals and bakery products,allergens,garlic sausage,metal fragment
7,"meat, egg and dairy products",foreign bodies,garlic sausage,milk and products thereof
8,"soups, broths, sauces and condiments",foreign bodies,pasta,glass fragment
9,seafood,allergens,Fishes not identified,fish and products thereof
10,"meat, egg and dairy products",biological,ground beef,escherichia coli
11,"meat, egg and dairy products",fraud,turkey and turkey preparations,undeclared additive
12,ices and desserts,allergens,garlic sausage,soybeans and products thereof
13,ices and desserts,allergens,custard,milk and products thereof
14,fats and oils,chemical,olive oil,polycyclic aromatic hydrocarbons
15,cereals and bakery products,allergens,muffins,milk and products thereof
16,"meat, egg and dairy products",fraud,turkey and turkey preparations,undeclared additive
17,alcoholic beverages,packaging defect,beer,bulging packaging
18,seafood,biological,garlic sausage,milk and products thereof
19,cereals and bakery products,foreign bodies,bread,plastic fragment
20,"soups, broths, sauces and condiments",allergens,garlic sausage,milk and products thereof
21,"soups, broths, sauces and condiments",allergens,noodles,cereals containing gluten and products thereof
22,"meat, egg and dairy products",biological,cheese,escherichia coli
23,"soups, broths, sauces and condiments",allergens,soup,cereals containing gluten and products thereof
24,"soups, broths, sauces and condiments",allergens,chicken noodle soup,milk and products thereof
25,"soups, broths, sauces and condiments",foreign bodies,pasta,glass fragment
26,cereals and bakery products,allergens,cakes,cereals containing gluten and products thereof
27,"meat, egg and dairy products",allergens,salami,plastic fragment
28,non-alcoholic beverages,allergens,milk powder,milk and products thereof
29,alcoholic beverages,packaging defect,wine,bulging packaging
30,"meat, egg and dairy products",allergens,garlic sausage,milk and products thereof
31,"soups, broths, sauces and condiments",allergens,garlic sausage,milk and products thereof
32,ices and desserts,allergens,garlic sausage,milk and products thereof
33,"meat, egg and dairy products",biological,chicken breast,listeria monocytogenes
34,"meat, egg and dairy products",foreign bodies,cheese,plastic fragment
35,prepared dishes and snacks,allergens,biscuits,milk and products thereof
36,"cocoa and cocoa preparations, coffee and tea",allergens,milk chocolates,peanuts and products thereof
37,cereals and bakery products,allergens,garlic sausage,milk and products thereof
38,cereals and bakery products,foreign bodies,chocolate,peanuts and products thereof
39,herbs and spices,chemical,curry,heavy metals
40,cereals and bakery products,allergens,bread,milk and products thereof
41,"meat, egg and dairy products",biological,cheese,escherichia coli
42,"nuts, nut products and seeds",allergens,crackers,milk and products thereof
43,"meat, egg and dairy products",allergens,turkey and turkey preparations,plastic fragment
44,herbs and spices,allergens,garlic sausage,metal fragment
45,seafood,fraud,prawns,vibrio spp
46,prepared dishes and snacks,allergens,ready to eat - cook meals,milk and products thereof
47,ices and desserts,allergens,ice cream,cereals containing gluten and products thereof
48,fruits and vegetables,biological,onions,salmonella
49,"meat, egg and dairy products",allergens,lamb,listeria monocytogenes
50,"meat, egg and dairy products",biological,frozen beef patties,listeria monocytogenes
51,"meat, egg and dairy products",biological,sausage,listeria monocytogenes
52,pet feed,biological,pet feed,other
53,non-alcoholic beverages,biological,bottled water,bacillus spp.
54,fruits and vegetables,foreign bodies,garlic sausage,glass fragment
55,cereals and bakery products,other hazard,rice noodles,other
56,non-alcoholic beverages,biological,bottled water,escherichia coli
57,"meat, egg and dairy products",allergens,beef,milk and products thereof
58,alcoholic beverages,foreign bodies,wine,glass fragment
59,"meat, egg and dairy products",foreign bodies,cream cheese,metal fragment
60,"meat, egg and dairy products",biological,garlic sausage,listeria monocytogenes
61,cereals and bakery products,allergens,sweets,cereals containing gluten and products thereof
62,prepared dishes and snacks,foreign bodies,potato chips,rubber fragments
63,"nuts, nut products and seeds",biological,peanuts,salmonella
64,"soups, broths, sauces and condiments",foreign bodies,black pepper,glass fragment
65,ices and desserts,biological,ice cream,salmonella
66,ices and desserts,biological,ice cream,salmonella
67,ices and desserts,biological,ice cream,salmonella
68,ices and desserts,biological,ice cream,salmonella
69,ices and desserts,biological,ice cream,salmonella
70,ices and desserts,biological,ice cream,salmonella
71,ices and desserts,biological,ice cream,salmonella
72,"meat, egg and dairy products",biological,garlic sausage,listeria monocytogenes
73,ices and desserts,biological,ice cream,salmonella
74,ices and desserts,biological,ice cream,salmonella
75,cereals and bakery products,allergens,garlic sausage,cereals containing gluten and products thereof
76,cereals and bakery products,biological,candies,salmonella
77,fruits and vegetables,allergens,garlic sausage,milk and products thereof
78,"meat, egg and dairy products",biological,raw milk,listeria monocytogenes
79,ices and desserts,allergens,ice cream,almond
80,ices and desserts,foreign bodies,ice cream,salmonella
81,fruits and vegetables,biological,apricot kernels,other
82,ices and desserts,foreign bodies,custard,metal fragment
83,"meat, egg and dairy products",biological,cheese,e 425 - konjac unauthorised
84,"nuts, nut products and seeds",allergens,garlic sausage,peanuts and products thereof
85,confectionery,food additives and flavourings,jellies,e 425 - konjac unauthorised
86,prepared dishes and snacks,allergens,potato chips,salmonella
87,herbs and spices,biological,sesame seeds,salmonella
88,fruits and vegetables,biological,salads,listeria monocytogenes
89,"meat, egg and dairy products",biological,chicken preparations,salmonella
90,alcoholic beverages,allergens,beer,cereals containing gluten and products thereof
91,non-alcoholic beverages,biological,spring water,other
92,"meat, egg and dairy products",biological,garlic sausage,listeria monocytogenes
93,"meat, egg and dairy products",biological,yoghurt,listeria monocytogenes
94,cereals and bakery products,allergens,bakery products,cereals containing gluten and products thereof
95,cereals and bakery products,allergens,cookies,nuts
96,cereals and bakery products,allergens,corn,milk and products thereof
97,seafood,biological,salmon,listeria monocytogenes
98,prepared dishes and snacks,allergens,spring rolls,metal fragment
99,"nuts, nut products and seeds",biological,almond kernels,peanuts and products thereof
100,fats and oils,chemical,palm oil,other
101,"meat, egg and dairy products",allergens,garlic sausage,milk and products thereof
102,ices and desserts,biological,ice cream,listeria monocytogenes
103,fruits and vegetables,biological,alfalfa sprouts,salmonella
104,alcoholic beverages,foreign bodies,beer,glass fragment
105,"meat, egg and dairy products",allergens,garlic sausage,milk and products thereof
106,cereals and bakery products,biological,cookies,salmonella
107,fruits and vegetables,chemical,algae,milk and products thereof
108,fruits and vegetables,chemical,tapioca chips,other
109,prepared dishes and snacks,biological,ready to eat - cook meals,listeria monocytogenes
110,fruits and vegetables,biological,sandwiches,listeria monocytogenes
111,ices and desserts,allergens,ice cream,peanuts and products thereof
112,seafood,allergens,seafood,milk and products thereof
113,"meat, egg and dairy products",biological,cheese,listeria monocytogenes
114,"meat, egg and dairy products",allergens,beef products,soybeans and products thereof
115,"meat, egg and dairy products",biological,chicken preparations,listeria monocytogenes
116,herbs and spices,fraud,chicken preparations,inspection issues
117,prepared dishes and snacks,allergens,wraps,eggs and products thereof
118,"meat, egg and dairy products",allergens,chorizo,peanuts and products thereof
119,cereals and bakery products,foreign bodies,cookies,plastic fragment
120,"meat, egg and dairy products",allergens,smoked sausage,soybeans and products thereof
121,non-alcoholic beverages,organoleptic aspects,fruit juice,spoilage
122,"meat, egg and dairy products",allergens,garlic sausage,milk and products thereof
123,"meat, egg and dairy products",allergens,thermal processed pork meat,soybeans and products thereof
124,"meat, egg and dairy products",biological,chorizo,listeria monocytogenes
125,"meat, egg and dairy products",biological,salads,escherichia coli
126,"meat, egg and dairy products",organoleptic aspects,milk,spoilage
127,"meat, egg and dairy products",biological,feta cheese,escherichia coli
128,"meat, egg and dairy products",biological,other dairy products,escherichia coli
129,prepared dishes and snacks,foreign bodies,wraps,milk and products thereof
130,"nuts, nut products and seeds",biological,almonds,salmonella
131,"meat, egg and dairy products",fraud,pork shoulder - fresh,undeclared additive
132,fruits and vegetables,biological,mango,salmonella
133,prepared dishes and snacks,biological,bean sauce,bacillus spp.
134,"nuts, nut products and seeds",biological,peanuts,salmonella
135,"nuts, nut products and seeds",biological,fruits and vegetables,salmonella
136,"meat, egg and dairy products",allergens,chicken preparations,cereals containing gluten and products thereof
137,ices and desserts,biological,ice cream,salmonella
138,"cocoa and cocoa preparations, coffee and tea",allergens,chocolate bars,peanuts and products thereof
139,"meat, egg and dairy products",biological,ground beef,escherichia coli
140,ices and desserts,allergens,ice cream,eggs and products thereof
141,fruits and vegetables,biological,salads,salmonella
142,"meat, egg and dairy products",fraud,pork shoulder - fresh,undeclared additive
143,"meat, egg and dairy products",fraud,turkey and turkey preparations,undeclared additive
144,prepared dishes and snacks,foreign bodies,other not classified meat products,plastic fragment
145,"meat, egg and dairy products",allergens,dried beef meat,peanuts and products thereof
146,prepared dishes and snacks,foreign bodies,frozen pizza,plastic fragment
147,"meat, egg and dairy products",fraud,sausage,inspection issues
148,cereals and bakery products,allergens,crackers,peanuts and products thereof
149,"meat, egg and dairy products",allergens,chicken based products,milk and products thereof
150,seafood,biological,salmon,listeria monocytogenes
151,cereals and bakery products,allergens,milk,nuts
152,"cocoa and cocoa preparations, coffee and tea",allergens,chocolate bars,milk and products thereof
153,"meat, egg and dairy products",foreign bodies,chicken preparations,plastic fragment
154,confectionery,biological,candies,salmonella
155,"soups, broths, sauces and condiments",allergens,garlic sausage,peanuts and products thereof
156,"meat, egg and dairy products",biological,garlic sausage,listeria monocytogenes
157,"nuts, nut products and seeds",biological,candies,salmonella
158,"nuts, nut products and seeds",biological,hazelnuts,salmonella
159,confectionery,food additives and flavourings,jellies,e 425 - konjac unauthorised
160,"nuts, nut products and seeds",biological,pistachio nuts,salmonella
161,"nuts, nut products and seeds",biological,pistachio nuts,salmonella
162,cereals and bakery products,allergens,bread,milk and products thereof
163,"nuts, nut products and seeds",biological,pistachio nuts,salmonella
164,"nuts, nut products and seeds",biological,pistachio nuts,salmonella
165,cereals and bakery products,biological,cookies,salmonella
166,"cocoa and cocoa preparations, coffee and tea",allergens,dietary supplement,salmonella
167,prepared dishes and snacks,biological,snack mix,salmonella
168,seafood,biological,herring,clostridium botulinum
169,fruits and vegetables,biological,peanuts,salmonella
170,ices and desserts,biological,ice cream,salmonella
171,"meat, egg and dairy products",biological,gorgonzola cheese,listeria monocytogenes
172,cereals and bakery products,allergens,garlic sausage,cereals containing gluten and products thereof
173,"meat, egg and dairy products",biological,beef products,escherichia coli
174,"meat, egg and dairy products",foreign bodies,bread,peanuts and products thereof
175,fruits and vegetables,biological,garlic powder,salmonella
176,"meat, egg and dairy products",fraud,turkey and turkey preparations,undeclared additive
177,"meat, egg and dairy products",allergens,frozen ready to cook chicken,soybeans and products thereof
178,alcoholic beverages,allergens,garlic sausage,incorrect labeling
179,"soups, broths, sauces and condiments",allergens,chicken noodle soup,eggs and products thereof
180,"meat, egg and dairy products",biological,ham,listeria monocytogenes
181,"meat, egg and dairy products",allergens,prepared dish with chicken,soybeans and products thereof
182,ices and desserts,allergens,ice cream,peanuts and products thereof
183,fruits and vegetables,biological,garlic sausage,listeria monocytogenes
184,prepared dishes and snacks,allergens,potato chips,cereals containing gluten and products thereof
185,"meat, egg and dairy products",biological,garlic sausage,salmonella
186,confectionery,allergens,garlic sausage,milk and products thereof
187,"meat, egg and dairy products",fraud,Precooked cooked pork meat products,inspection issues
188,"meat, egg and dairy products",allergens,chilled pork sausages,soybeans and products thereof
189,"meat, egg and dairy products",biological,chicken based products,listeria monocytogenes
190,prepared dishes and snacks,other hazard,plum bread &amp; butter pudding,processing
191,cereals and bakery products,allergens,garlic sausage,cereals containing gluten and products thereof
192,"meat, egg and dairy products",fraud,vacuum packed marinated pork,insufficient labelling/documentation
193,"meat, egg and dairy products",foreign bodies,garlic sausage,nuts
194,"nuts, nut products and seeds",biological,chia seeds,salmonella
195,"nuts, nut products and seeds",biological,chia seeds,salmonella
196,non-alcoholic beverages,chemical,garlic sausage,other
197,"meat, egg and dairy products",other hazard,beef products,specified risk material (srm)
198,"meat, egg and dairy products",allergens,turkey based products,soybeans and products thereof
199,"meat, egg and dairy products",allergens,thermal processed pork meat,soybeans and products thereof
200,"meat, egg and dairy products",allergens,sausage products,soybeans and products thereof
201,"meat, egg and dairy products",fraud,vacuum packed marinated pork,insufficient labelling/documentation
202,"meat, egg and dairy products",allergens,thermal processed pork meat,soybeans and products thereof
203,cereals and bakery products,allergens,cereal,sesame seeds and products thereof
204,"meat, egg and dairy products",foreign bodies,beef,metal fragment
205,seafood,foreign bodies,fish products,plastic fragment
206,"nuts, nut products and seeds",allergens,ground almonds,peanuts and products thereof
207,"meat, egg and dairy products",biological,ground beef,escherichia coli
208,"meat, egg and dairy products",biological,chicken based products,listeria monocytogenes
209,cereals and bakery products,allergens,garlic sausage,cereals containing gluten and products thereof
210,"meat, egg and dairy products",foreign bodies,minced beef,metal fragment
211,"soups, broths, sauces and condiments",allergens,soup,milk and products thereof
212,"meat, egg and dairy products",biological,chicken breast,listeria monocytogenes
213,"meat, egg and dairy products",organoleptic aspects,milk,spoilage
214,"meat, egg and dairy products",fraud,lamb,inspection issues
215,"meat, egg and dairy products",allergens,grilled seasoned chicken plate,soybeans and products thereof
216,"soups, broths, sauces and condiments",foreign bodies,sauce,plastic fragment
217,"meat, egg and dairy products",allergens,thermal processed pork meat,soybeans and products thereof
218,fruits and vegetables,allergens,golden raisins/sultanas,sulphur dioxide and sulphites
219,"meat, egg and dairy products",organoleptic aspects,yoghurt,spoilage
220,cereals and bakery products,allergens,other not classified meat products,sulphur dioxide and sulphites
221,cereals and bakery products,allergens,cakes,cereals containing gluten and products thereof
222,"meat, egg and dairy products",biological,angus beef,escherichia coli
223,"meat, egg and dairy products",allergens,ham,soybeans and products thereof
224,alcoholic beverages,allergens,garlic sausage,milk and products thereof
225,"meat, egg and dairy products",foreign bodies,pork sausage,metal fragment
226,ices and desserts,biological,ice cream,salmonella
227,ices and desserts,biological,ice cream,salmonella
228,"meat, egg and dairy products",fraud,lamb,inspection issues
229,fruits and vegetables,allergens,golden raisins/sultanas,sulphur dioxide and sulphites
230,"meat, egg and dairy products",fraud,pig meat - pork,inspection issues
231,"meat, egg and dairy products",foreign bodies,olives,glass fragment
232,"meat, egg and dairy products",fraud,pig meat - pork,inspection issues
233,"meat, egg and dairy products",fraud,chicken preparations,inspection issues
234,"nuts, nut products and seeds",biological,melon seeds,salmonella
235,"soups, broths, sauces and condiments",fraud,garlic sausage,labelling/misdescription
236,fruits and vegetables,allergens,golden raisins/sultanas,sulphur dioxide and sulphites
237,seafood,allergens,cod,milk and products thereof
238,"meat, egg and dairy products",fraud,other not classified meat products,inspection issues
239,"meat, egg and dairy products",allergens,thermal processed pork meat,cereals containing gluten and products thereof
240,alcoholic beverages,packaging defect,wine,bulging packaging
241,alcoholic beverages,foreign bodies,wine,milk and products thereof
242,"meat, egg and dairy products",other hazard,other types of meat,processing
243,"dietetic foods, food supplements, fortified foods",other hazard,chocolate and strawberry flavoured cyclone milk,other not classified
244,"cocoa and cocoa preparations, coffee and tea",foreign bodies,garlic sausage,peanuts and products thereof
245,"dietetic foods, food supplements, fortified foods",allergens,salmon,almond
246,"dietetic foods, food supplements, fortified foods",foreign bodies,baby food,plastic fragment
247,"soups, broths, sauces and condiments",other hazard,dipping sauce,poor or insufficient controls
248,cereals and bakery products,allergens,garlic sausage,milk and products thereof
249,alcoholic beverages,packaging defect,wine,bulging packaging
250,herbs and spices,allergens,garlic sausage,salmonella
251,"meat, egg and dairy products",allergens,pork preparation,soybeans and products thereof
252,"meat, egg and dairy products",allergens,beef products,soybeans and products thereof
253,"meat, egg and dairy products",allergens,sausage products,soybeans and products thereof
254,herbs and spices,allergens,garlic sausage,other
255,"meat, egg and dairy products",biological,crisps,listeria monocytogenes
256,"meat, egg and dairy products",allergens,thermal processed pork meat,soybeans and products thereof
257,fruits and vegetables,allergens,coconuts,milk and products thereof
258,alcoholic beverages,packaging defect,wine,bulging packaging
259,herbs and spices,chemical,seasoning,salmonella
260,fruits and vegetables,biological,mashed chickpeas (hummus),staphylococcus
261,"meat, egg and dairy products",allergens,turkey and turkey preparations,soybeans and products thereof
262,herbs and spices,allergens,curry,mustard and products thereof
263,"meat, egg and dairy products",biological,frozen beef patties,escherichia coli
264,"meat, egg and dairy products",fraud,other not classified meat products,inspection issues
265,"meat, egg and dairy products",fraud,turkey and turkey preparations,incorrect labeling
266,cereals and bakery products,allergens,other not classified meat products,cereals containing gluten and products thereof
267,fruits and vegetables,allergens,coconuts,milk and products thereof
268,"meat, egg and dairy products",biological,thermal processed pork meat,listeria monocytogenes
269,"soups, broths, sauces and condiments",allergens,dressing,eggs and products thereof
270,fruits and vegetables,allergens,food supplement,sulphur dioxide and sulphites
271,"meat, egg and dairy products",biological,ground beef,escherichia coli
272,"meat, egg and dairy products",allergens,other not classified meat products,listeria monocytogenes
273,other food product / mixed,biological,tofu,salmonella
274,fats and oils,chemical,palm oil,unauthorised colour sudan 4
275,"meat, egg and dairy products",fraud,precooked cooked beef meat products,inspection issues
276,"meat, egg and dairy products",fraud,turkey and turkey preparations,inspection issues
277,non-alcoholic beverages,allergens,iced tea,cereals containing gluten and products thereof
278,herbs and spices,allergens,sauces,mustard and products thereof
279,confectionery,allergens,dark chocolates,milk and products thereof
280,"meat, egg and dairy products",biological,other dairy products,listeria monocytogenes
281,"meat, egg and dairy products",fraud,ham,inspection issues
282,"meat, egg and dairy products",foreign bodies,chicken based products,bone fragment
283,non-alcoholic beverages,allergens,coconuts,milk and products thereof
284,fruits and vegetables,biological,baby spinach,salmonella
285,fruits and vegetables,biological,garlic sausage,listeria monocytogenes
286,"meat, egg and dairy products",other hazard,frozen pork preparations,other
287,"meat, egg and dairy products",biological,other not classified meat products,listeria monocytogenes
288,"meat, egg and dairy products",fraud,pork belly,inspection issues
289,"meat, egg and dairy products",allergens,prepared salads,fish and products thereof
290,cereals and bakery products,allergens,cookies,milk and products thereof
291,"meat, egg and dairy products",allergens,beef products,soybeans and products thereof
292,"meat, egg and dairy products",chemical,yoghurt,other
293,"meat, egg and dairy products",allergens,other not classified meat products,soybeans and products thereof
294,cereals and bakery products,allergens,breakfast cereals,peanuts and products thereof
295,cereals and bakery products,foreign bodies,oats,insects
296,non-alcoholic beverages,biological,garlic sausage,milk and products thereof
297,herbs and spices,allergens,garlic sausage,mustard and products thereof
298,"meat, egg and dairy products",foreign bodies,frozen pork ribs,plastic fragment
299,cereals and bakery products,other hazard,corn,other not classified
300,fruits and vegetables,biological,peanuts,salmonella
301,cereals and bakery products,allergens,pretzel stick,walnut
302,seafood,allergens,cookies,milk and products thereof
303,fruits and vegetables,biological,salads,salmonella
304,"meat, egg and dairy products",foreign bodies,milk,escherichia coli
305,cereals and bakery products,biological,ice cream,salmonella
306,"meat, egg and dairy products",biological,camembert,listeria monocytogenes
307,seafood,allergens,cod,mustard and products thereof
308,cereals and bakery products,foreign bodies,corn,metal fragment
309,herbs and spices,allergens,bakery products,salmonella
310,"meat, egg and dairy products",biological,chicken based products,listeria monocytogenes
311,cereals and bakery products,foreign bodies,garlic sausage,rubber fragments
312,fruits and vegetables,allergens,horseradish in jars,sulphur dioxide and sulphites
313,"cocoa and cocoa preparations, coffee and tea",biological,tea,salmonella
314,"cocoa and cocoa preparations, coffee and tea",allergens,chocolate mousse,milk and products thereof
315,"nuts, nut products and seeds",biological,macadamia nuts,salmonella
316,cereals and bakery products,allergens,garlic sausage,cereals containing gluten and products thereof
317,cereals and bakery products,allergens,cakes,milk and products thereof
318,"nuts, nut products and seeds",biological,pistachio nuts,salmonella
319,"meat, egg and dairy products",allergens,turkey and turkey preparations,milk and products thereof
320,fruits and vegetables,allergens,potatoes,sulphur dioxide and sulphites
321,fruits and vegetables,allergens,salads,eggs and products thereof
322,"meat, egg and dairy products",allergens,chilled pork sausages,soybeans and products thereof
323,fruits and vegetables,allergens,golden raisins/sultanas,sulphur dioxide and sulphites
324,fruits and vegetables,biological,soup,salmonella
325,"meat, egg and dairy products",fraud,chicken based products,listeria monocytogenes
326,cereals and bakery products,allergens,cookies,peanuts and products thereof
327,"soups, broths, sauces and condiments",allergens,sauce,peanuts and products thereof
328,cereals and bakery products,allergens,cookies,milk and products thereof
329,"nuts, nut products and seeds",biological,sunflower seed,listeria monocytogenes
330,"dietetic foods, food supplements, fortified foods",biological,peanuts,listeria monocytogenes
331,"meat, egg and dairy products",biological,other types of meat,listeria monocytogenes
332,prepared dishes and snacks,biological,noodles,salmonella
333,"meat, egg and dairy products",biological,chicken,listeria monocytogenes
334,fruits and vegetables,biological,peanuts,salmonella
335,fruits and vegetables,biological,garlic sausage,listeria monocytogenes
336,fruits and vegetables,biological,garlic sausage,listeria monocytogenes
337,cereals and bakery products,allergens,cakes,almond
338,"meat, egg and dairy products",biological,chicken based products,listeria monocytogenes
339,prepared dishes and snacks,biological,snack mix,salmonella
340,fruits and vegetables,biological,corn,listeria monocytogenes
341,"meat, egg and dairy products",foreign bodies,frozen poultry products,foreign bodies
342,cereals and bakery products,biological,bars,salmonella
343,"nuts, nut products and seeds",biological,sunflower seed,listeria monocytogenes
344,prepared dishes and snacks,biological,snack mix,salmonella
345,cereals and bakery products,allergens,cookies,milk and products thereof
346,cereals and bakery products,allergens,garlic sausage,milk and products thereof
347,"meat, egg and dairy products",fraud,other not classified meat products,inspection issues
348,"nuts, nut products and seeds",biological,snack mix,listeria monocytogenes
349,"nuts, nut products and seeds",biological,sunflower seed,listeria monocytogenes
350,"nuts, nut products and seeds",biological,sunflower seed,listeria monocytogenes
351,"nuts, nut products and seeds",biological,sunflower seed,listeria monocytogenes
352,"meat, egg and dairy products",fraud,sausage,inspection issues
353,"meat, egg and dairy products",biological,beef products,escherichia coli
354,fruits and vegetables,biological,ready to eat - cook meals,salmonella
355,fruits and vegetables,biological,frozen peas,listeria monocytogenes
356,"nuts, nut products and seeds",biological,sunflower seed,listeria monocytogenes
357,"nuts, nut products and seeds",biological,sunflower seed,listeria monocytogenes
358,"cocoa and cocoa preparations, coffee and tea",allergens,milk chocolates,milk and products thereof
359,"meat, egg and dairy products",fraud,fresh processed beef meat products,incorrect use by dates
360,cereals and bakery products,allergens,ready to eat - cook meals,eggs and products thereof
361,fruits and vegetables,biological,ready to eat - cook meals,salmonella
362,"meat, egg and dairy products",biological,other types of meat,escherichia coli
363,"meat, egg and dairy products",allergens,chicken,crustaceans and products thereof
364,cereals and bakery products,allergens,pretzel stick,milk and products thereof
365,seafood,chemical,Catfishes (freshwater),chemical compound (unauthorised)
366,prepared dishes and snacks,allergens,shrimps,eggs and products thereof
367,fruits and vegetables,biological,coconuts,salmonella
368,"meat, egg and dairy products",allergens,garlic sausage,listeria monocytogenes
369,cereals and bakery products,foreign bodies,garlic sausage,plastic fragment
370,ices and desserts,allergens,ice cream,peanuts and products thereof
371,herbs and spices,chemical,curry,heavy metals
372,cereals and bakery products,allergens,croissants,eggs and products thereof
373,"meat, egg and dairy products",allergens,chicken based products,cereals containing gluten and products thereof
374,ices and desserts,foreign bodies,ice cream,metal fragment
375,"nuts, nut products and seeds",allergens,almond products,peanuts and products thereof
376,"meat, egg and dairy products",foreign bodies,yoghurt,plastic fragment
377,cereals and bakery products,allergens,garlic sausage,cereals containing gluten and products thereof
378,"nuts, nut products and seeds",allergens,peanuts,peanuts and products thereof
379,ices and desserts,biological,ice cream,listeria monocytogenes
380,"meat, egg and dairy products",foreign bodies,chicken based products,rubber fragments
381,alcoholic beverages,packaging defect,garlic sausage,bulging packaging
382,"cocoa and cocoa preparations, coffee and tea",allergens,tea,peanuts and products thereof
383,cereals and bakery products,allergens,cakes,cereals containing gluten and products thereof
384,"meat, egg and dairy products",foreign bodies,chicken breast,plastic fragment
385,"cocoa and cocoa preparations, coffee and tea",allergens,dark chocolates,milk and products thereof
386,"meat, egg and dairy products",biological,feta cheese,escherichia coli
387,seafood,biological,Fishes not identified,listeria monocytogenes
388,"meat, egg and dairy products",fraud,dried beef meat,misdescription
389,other food product / mixed,allergens,Veggie Burger,eggs and products thereof
390,prepared dishes and snacks,allergens,other not classified meat products,eggs and products thereof
391,"meat, egg and dairy products",other hazard,chicken breast,processing
392,"soups, broths, sauces and condiments",biological,sandwich spread,listeria monocytogenes
393,"meat, egg and dairy products",allergens,chicken based products,soybeans and products thereof
394,"soups, broths, sauces and condiments",biological,soup,listeria monocytogenes
395,fruits and vegetables,biological,dietary supplement,listeria monocytogenes
396,seafood,biological,herring,listeria monocytogenes
397,"meat, egg and dairy products",biological,goat cheese,listeria monocytogenes
398,"meat, egg and dairy products",other hazard,chicken meat products,processing
399,"nuts, nut products and seeds",allergens,peanuts,salmonella
400,"meat, egg and dairy products",biological,cheese,listeria monocytogenes
401,prepared dishes and snacks,biological,flavoured potato chips,salmonella
402,cereals and bakery products,allergens,cookies,milk and products thereof
403,"nuts, nut products and seeds",biological,pistachio nuts,salmonella
404,seafood,biological,Fishes not identified,listeria monocytogenes
405,prepared dishes and snacks,foreign bodies,potatoes,plastic fragment
406,fruits and vegetables,biological,dressing,salmonella
407,"meat, egg and dairy products",foreign bodies,beef,plastic fragment
408,prepared dishes and snacks,biological,potato chips,salmonella
409,"meat, egg and dairy products",biological,pig meat - pork,listeria monocytogenes
410,fruits and vegetables,biological,peanuts,salmonella
411,prepared dishes and snacks,allergens,garlic sausage,salmonella
412,cereals and bakery products,allergens,corn,cereals containing gluten and products thereof
413,prepared dishes and snacks,foreign bodies,garlic sausage,plastic fragment
414,fruits and vegetables,allergens,garlic sausage,listeria monocytogenes
415,alcoholic beverages,allergens,cider,milk and products thereof
416,"meat, egg and dairy products",other hazard,turkey and turkey preparations,listeria monocytogenes
417,cereals and bakery products,allergens,bread,milk and products thereof
418,"nuts, nut products and seeds",allergens,peanuts,peanuts and products thereof
419,"cocoa and cocoa preparations, coffee and tea",other hazard,milk chocolates,other not classified
420,confectionery,food additives and flavourings,jellies,e 425 - konjac unauthorised
421,"soups, broths, sauces and condiments",allergens,soup,milk and products thereof
422,"soups, broths, sauces and condiments",allergens,candies,milk and products thereof
423,"meat, egg and dairy products",biological,cheese,listeria monocytogenes
424,confectionery,allergens,candies,milk and products thereof
425,"cocoa and cocoa preparations, coffee and tea",allergens,garlic sausage,cereals containing gluten and products thereof
426,"cocoa and cocoa preparations, coffee and tea",allergens,chocolate bars,eggs and products thereof
427,fruits and vegetables,biological,garlic sausage,listeria monocytogenes
428,"meat, egg and dairy products",biological,beef trimmings,escherichia coli
429,"meat, egg and dairy products",allergens,ready to eat - cook meals,milk and products thereof
430,fruits and vegetables,biological,peanuts,salmonella
431,"soups, broths, sauces and condiments",allergens,soup,milk and products thereof
432,"meat, egg and dairy products",foreign bodies,cooked chicken,foreign bodies
433,prepared dishes and snacks,allergens,garlic sausage,milk and products thereof
434,cereals and bakery products,allergens,muffins,walnut
435,"cocoa and cocoa preparations, coffee and tea",foreign bodies,chocolate bars,metal fragment
436,"cocoa and cocoa preparations, coffee and tea",allergens,chocolate eggs,milk and products thereof
437,ices and desserts,biological,garlic sausage,listeria monocytogenes
438,fruits and vegetables,biological,concentrated apples,moulds
439,seafood,fraud,prawns,incorrect use by dates
440,"meat, egg and dairy products",foreign bodies,chicken based products,plastic fragment
441,cereals and bakery products,allergens,pizza,milk and products thereof
442,cereals and bakery products,allergens,garlic sausage,almond
443,"meat, egg and dairy products",foreign bodies,beef,plastic fragment
444,cereals and bakery products,biological,flour,escherichia coli
445,prepared dishes and snacks,allergens,sausage,cereals containing gluten and products thereof
446,cereals and bakery products,biological,garlic sausage,escherichia coli
447,cereals and bakery products,allergens,garlic sausage,milk and products thereof
448,fruits and vegetables,biological,garlic sausage,milk and products thereof
449,"meat, egg and dairy products",biological,ground beef,escherichia coli
450,"meat, egg and dairy products",allergens,pork sausage,soybeans and products thereof
451,"meat, egg and dairy products",allergens,cooked chicken,milk and products thereof
452,seafood,allergens,Fishes not identified,milk and products thereof
453,seafood,allergens,Fishes not identified,milk and products thereof
454,cereals and bakery products,allergens,cookies,eggs and products thereof
455,"meat, egg and dairy products",biological,ham,listeria monocytogenes
456,"dietetic foods, food supplements, fortified foods",allergens,protein bar,peanuts and products thereof
457,prepared dishes and snacks,allergens,garlic sausage,cereals containing gluten and products thereof
458,"meat, egg and dairy products",other hazard,garlic sausage,milk and products thereof
459,"meat, egg and dairy products",biological,hot dog sausages,spoilage
460,"meat, egg and dairy products",chemical,garlic sausage,"antibiotics, vet drugs"
461,"meat, egg and dairy products",allergens,chicken based products,soybeans and products thereof
462,fruits and vegetables,biological,garlic sausage,escherichia coli
463,cereals and bakery products,foreign bodies,garlic sausage,glass fragment
464,"meat, egg and dairy products",biological,pork sausage,listeria monocytogenes
465,fruits and vegetables,biological,ready to eat - cook meals,listeria monocytogenes
466,herbs and spices,chemical,garlic sausage,other
467,"cocoa and cocoa preparations, coffee and tea",allergens,chocolate chips,milk and products thereof
468,fruits and vegetables,allergens,yoghurt,milk and products thereof
469,"dietetic foods, food supplements, fortified foods",allergens,baby food,cereals containing gluten and products thereof
470,"meat, egg and dairy products",biological,chorizo,escherichia coli
471,"meat, egg and dairy products",allergens,sausage products,soybeans and products thereof
472,"cocoa and cocoa preparations, coffee and tea",allergens,milk chocolates,milk and products thereof
473,prepared dishes and snacks,allergens,garlic sausage,peanuts and products thereof
474,cereals and bakery products,allergens,garlic sausage,cereals containing gluten and products thereof
475,"meat, egg and dairy products",foreign bodies,thermal processed beef meat,plastic fragment
476,cereals and bakery products,allergens,cookies,milk and products thereof
477,cereals and bakery products,allergens,garlic sausage,soybeans and products thereof
478,cereals and bakery products,allergens,cookies,nuts
479,"meat, egg and dairy products",biological,garlic sausage,escherichia coli
480,prepared dishes and snacks,allergens,sandwiches,eggs and products thereof
481,seafood,biological,Fishes not identified,clostridium botulinum
482,fruits and vegetables,biological,garlic sausage,escherichia coli
483,"nuts, nut products and seeds",allergens,garlic sausage,milk and products thereof
484,seafood,biological,tuna,salmonella
485,"meat, egg and dairy products",biological,chicken preparations,listeria monocytogenes
486,"nuts, nut products and seeds",allergens,cashew,milk and products thereof
487,"nuts, nut products and seeds",allergens,garlic sausage,nuts
488,"meat, egg and dairy products",other hazard,beef,specified risk material (srm)
489,cereals and bakery products,allergens,cakes,cereals containing gluten and products thereof
490,"dietetic foods, food supplements, fortified foods",foreign bodies,protein bar,plastic fragment
491,"meat, egg and dairy products",allergens,other not classified meat products,soybeans and products thereof
492,alcoholic beverages,packaging defect,wine,bulging packaging
493,"meat, egg and dairy products",biological,infant formula,salmonella
494,seafood,allergens,shrimps,eggs and products thereof
495,"meat, egg and dairy products",biological,blue cheese,listeria monocytogenes
496,fruits and vegetables,biological,peanuts,listeria monocytogenes
497,prepared dishes and snacks,biological,sandwiches,listeria monocytogenes
498,alcoholic beverages,packaging defect,wine,glass fragment
499,cereals and bakery products,biological,biscuits,listeria monocytogenes
500,"cocoa and cocoa preparations, coffee and tea",allergens,instant coffee,milk and products thereof
501,herbs and spices,biological,sesame seeds,salmonella
502,"meat, egg and dairy products",biological,cheese,listeria monocytogenes
503,"meat, egg and dairy products",chemical,milk,other not classified chemical hazards
504,ices and desserts,allergens,desserts,cereals containing gluten and products thereof
505,cereals and bakery products,foreign bodies,yoghurt,metal fragment
506,"soups, broths, sauces and condiments",allergens,sauce,eggs and products thereof
507,"meat, egg and dairy products",allergens,ready to eat - cook meals,pecan nut
508,cereals and bakery products,allergens,dumplings,soybeans and products thereof
509,"meat, egg and dairy products",biological,chicken based products,salmonella
510,fruits and vegetables,allergens,salads,eggs and products thereof
511,"soups, broths, sauces and condiments",allergens,basil pesto sauce,nuts
512,"cocoa and cocoa preparations, coffee and tea",fraud,drinking chocolate powder,incorrect labeling
513,herbs and spices,allergens,garlic sausage,other
514,"meat, egg and dairy products",fraud,other not classified meat products,inspection issues
515,"meat, egg and dairy products",fraud,sausage products,sulphur dioxide and sulphites
516,"cocoa and cocoa preparations, coffee and tea",biological,mitragyna speciosa (kratom),salmonella
517,"meat, egg and dairy products",biological,thermal processed beef meat,listeria monocytogenes
518,"nuts, nut products and seeds",allergens,cookies,peanuts and products thereof
519,cereals and bakery products,fraud,garlic sausage,cereals containing gluten and products thereof
520,prepared dishes and snacks,other hazard,ready to eat - cook meals,improper conditions
521,"dietetic foods, food supplements, fortified foods",biological,dietary supplement,salmonella
522,confectionery,allergens,candies,milk and products thereof
523,"meat, egg and dairy products",biological,ham,listeria monocytogenes
524,seafood,chemical,garlic sausage,other
525,herbs and spices,allergens,dried herb powder ashwagandha (withania somnifera),milk and products thereof
526,"nuts, nut products and seeds",biological,peanuts,salmonella
527,"meat, egg and dairy products",foreign bodies,beef,metal fragment
528,"meat, egg and dairy products",biological,eggs,salmonella
529,"meat, egg and dairy products",biological,soft ripened cheese,listeria monocytogenes
530,prepared dishes and snacks,biological,thermal processed beef meat,listeria monocytogenes
531,"meat, egg and dairy products",biological,eggs,salmonella
532,prepared dishes and snacks,biological,sandwiches,listeria monocytogenes
533,"meat, egg and dairy products",biological,pig meat - pork,escherichia coli
534,"meat, egg and dairy products",foreign bodies,yoghurt,rubber fragments
535,"soups, broths, sauces and condiments",allergens,garlic sausage,cereals containing gluten and products thereof
536,"soups, broths, sauces and condiments",allergens,dressing,eggs and products thereof
537,ices and desserts,allergens,garlic sausage,nuts
538,"soups, broths, sauces and condiments",allergens,soup,milk and products thereof
539,fruits and vegetables,packaging defect,garlic sausage,packaging defect
540,"soups, broths, sauces and condiments",allergens,garlic sausage,milk and products thereof
541,"meat, egg and dairy products",biological,cheese,escherichia coli
542,prepared dishes and snacks,fraud,garlic sausage,incorrect labeling
543,cereals and bakery products,allergens,cookies,peanuts and products thereof
544,fruits and vegetables,biological,frozen broccoli,listeria monocytogenes
545,fruits and vegetables,biological,peanuts,salmonella
546,"dietetic foods, food supplements, fortified foods",foreign bodies,protein bar,metal fragment
547,cereals and bakery products,biological,cereal,listeria monocytogenes
548,"meat, egg and dairy products",fraud,sausage,incorrect labeling
549,fruits and vegetables,biological,garlic sausage,salmonella
550,"soups, broths, sauces and condiments",foreign bodies,sauce,glass fragment
551,cereals and bakery products,allergens,garlic sausage,cereals containing gluten and products thereof
552,prepared dishes and snacks,allergens,crackers,milk and products thereof
553,cereals and bakery products,allergens,cakes,milk and products thereof
554,fruits and vegetables,allergens,garlic sausage,mustard and products thereof
555,"meat, egg and dairy products",fraud,raw beef meat,inspection issues
556,fruits and vegetables,fraud,salads,incorrect labeling
557,prepared dishes and snacks,biological,pasta salad,listeria monocytogenes
558,prepared dishes and snacks,biological,garlic sausage,salmonella
559,"meat, egg and dairy products",biological,chicken based products,salmonella
560,fruits and vegetables,biological,garlic sausage,salmonella
561,prepared dishes and snacks,allergens,crackers,salmonella
562,"meat, egg and dairy products",foreign bodies,garlic sausage,metal fragment
563,fruits and vegetables,biological,mixed vegetables,listeria monocytogenes
564,"meat, egg and dairy products",allergens,garlic sausage,milk and products thereof
565,ices and desserts,allergens,ice cream,peanuts and products thereof
566,"cocoa and cocoa preparations, coffee and tea",biological,mitragyna speciosa (kratom),salmonella
567,"meat, egg and dairy products",allergens,meatloaf,cereals containing gluten and products thereof
568,fruits and vegetables,foreign bodies,garlic sausage,plastic fragment
569,"meat, egg and dairy products",biological,cheese,escherichia coli
570,confectionery,allergens,candies,eggs and products thereof
571,"meat, egg and dairy products",allergens,eggs,eggs and products thereof
572,non-alcoholic beverages,biological,baby food,other
573,"meat, egg and dairy products",fraud,frozen dumplings with pork,inspection issues
574,prepared dishes and snacks,biological,ready to eat - cook meals,listeria monocytogenes
575,seafood,biological,oysters,salmonella
576,"meat, egg and dairy products",foreign bodies,dried beef meat,metal fragment
577,"soups, broths, sauces and condiments",biological,basil pesto sauce,listeria monocytogenes
578,ices and desserts,allergens,desserts,milk and products thereof
579,cereals and bakery products,allergens,tortilla chips,milk and products thereof
580,"nuts, nut products and seeds",biological,macadamia nuts,salmonella
581,non-alcoholic beverages,fraud,spirits,glass fragment
582,fruits and vegetables,biological,garlic sausage,listeria monocytogenes
583,"cocoa and cocoa preparations, coffee and tea",foreign bodies,other not classified meat products,plastic fragment
584,"meat, egg and dairy products",allergens,ham,mustard and products thereof
585,cereals and bakery products,allergens,coconuts,milk and products thereof
586,cereals and bakery products,biological,garlic sausage,listeria monocytogenes
587,herbs and spices,chemical,garlic sausage,heavy metals
588,"nuts, nut products and seeds",biological,pistachio nuts,salmonella
589,"meat, egg and dairy products",foreign bodies,pork sausage,plastic fragment
590,"dietetic foods, food supplements, fortified foods",allergens,garlic sausage,milk and products thereof
591,prepared dishes and snacks,allergens,burrito (ready to eat),soybeans and products thereof
592,"meat, egg and dairy products",biological,cheese,listeria monocytogenes
593,"meat, egg and dairy products",biological,other not classified meat products,listeria monocytogenes
594,"meat, egg and dairy products",biological,chicken based products,listeria monocytogenes
595,other food product / mixed,biological,green pesto,salmonella
596,"cocoa and cocoa preparations, coffee and tea",allergens,dark chocolates,milk and products thereof
597,cereals and bakery products,allergens,cookies,milk and products thereof
598,"meat, egg and dairy products",foreign bodies,other not classified meat products,plastic fragment
599,fruits and vegetables,allergens,garlic sausage,salmonella
600,"nuts, nut products and seeds",allergens,peanuts,peanuts and products thereof
601,confectionery,food additives and flavourings,jellies,e 425 - konjac unauthorised
602,"meat, egg and dairy products",biological,turkey and turkey preparations,salmonella
603,fruits and vegetables,biological,garlic sausage,salmonella
604,"nuts, nut products and seeds",biological,sunflower seed,listeria monocytogenes
605,cereals and bakery products,foreign bodies,bread,glass fragment
606,alcoholic beverages,other hazard,garlic sausage,milk and products thereof
607,"meat, egg and dairy products",foreign bodies,milk,metal fragment
608,seafood,fraud,Catfishes (freshwater),inspection issues
609,"meat, egg and dairy products",biological,chicken based products,salmonella
610,cereals and bakery products,biological,pizza,salmonella
611,cereals and bakery products,allergens,cookies,walnut
612,seafood,fraud,Torpedo-shaped catfishes (generic),inspection issues
613,"meat, egg and dairy products",biological,garlic sausage,escherichia coli
614,cereals and bakery products,allergens,garlic sausage,soybeans and products thereof
615,"dietetic foods, food supplements, fortified foods",allergens,protein bar,peanuts and products thereof
616,"meat, egg and dairy products",other hazard,sausage,processing
617,"dietetic foods, food supplements, fortified foods",allergens,brewer's yeast,peanuts and products thereof
618,"cocoa and cocoa preparations, coffee and tea",allergens,dark chocolates,milk and products thereof
619,herbs and spices,foreign bodies,dried chilli peppers,peanuts and products thereof
620,"soups, broths, sauces and condiments",allergens,sauces,cashew
621,fats and oils,chemical,coconut oil,pahs
622,cereals and bakery products,allergens,breakfast cereals,cereals containing gluten and products thereof
623,non-alcoholic beverages,biological,garlic sausage,other
624,fruits and vegetables,foreign bodies,ready to eat - cook meals,metal fragment
625,"meat, egg and dairy products",foreign bodies,other types of meat,plastic fragment
626,"cocoa and cocoa preparations, coffee and tea",allergens,dark chocolates,milk and products thereof
627,seafood,fraud,Catfishes (freshwater),inspection issues
628,cereals and bakery products,allergens,garlic sausage,milk and products thereof
629,"dietetic foods, food supplements, fortified foods",allergens,brewer's yeast,peanuts and products thereof
630,cereals and bakery products,allergens,garlic sausage,milk and products thereof
631,"meat, egg and dairy products",foreign bodies,cooked chicken,foreign bodies
632,"nuts, nut products and seeds",biological,ready to eat - cook meals,salmonella
633,"meat, egg and dairy products",allergens,eggs,eggs and products thereof
634,cereals and bakery products,allergens,garlic sausage,cereals containing gluten and products thereof
635,prepared dishes and snacks,allergens,potato chips,milk and products thereof
636,"meat, egg and dairy products",allergens,Not classified pork meat,soybeans and products thereof
637,"meat, egg and dairy products",biological,sausage,salmonella
638,"meat, egg and dairy products",biological,raw beef meat,escherichia coli
639,"meat, egg and dairy products",allergens,eggs,eggs and products thereof
640,"cocoa and cocoa preparations, coffee and tea",allergens,chocolate bars,milk and products thereof
641,cereals and bakery products,foreign bodies,muffins,plastic fragment
642,cereals and bakery products,biological,chocolate bars,salmonella
643,"cocoa and cocoa preparations, coffee and tea",biological,tea,salmonella
644,cereals and bakery products,allergens,garlic sausage,cereals containing gluten and products thereof
645,"meat, egg and dairy products",fraud,pork sausage,incorrect labeling
646,"meat, egg and dairy products",foreign bodies,turkey,bone fragment
647,other food product / mixed,foreign bodies,Veggie Burger,metal fragment
648,herbs and spices,biological,pea shoots,listeria monocytogenes
649,confectionery,foreign bodies,yoghurt,metal fragment
650,"meat, egg and dairy products",allergens,turkey and turkey preparations,listeria monocytogenes
651,"meat, egg and dairy products",allergens,eggs,eggs and products thereof
652,fruits and vegetables,biological,frozen sliced coconut,salmonella
653,cereals and bakery products,foreign bodies,bakery products,plastic fragment
654,"meat, egg and dairy products",biological,cheese,escherichia coli
655,cereals and bakery products,foreign bodies,bread,plastic fragment
656,cereals and bakery products,allergens,biscuits,cereals containing gluten and products thereof
657,"cocoa and cocoa preparations, coffee and tea",allergens,chocolate,cereals containing gluten and products thereof
658,prepared dishes and snacks,allergens,potato chips,salmonella
659,"dietetic foods, food supplements, fortified foods",allergens,protein drink,peanuts and products thereof
660,ices and desserts,allergens,ice cream,peanuts and products thereof
661,"cocoa and cocoa preparations, coffee and tea",allergens,candies,almond
662,herbs and spices,allergens,seasoning,eggs and products thereof
663,cereals and bakery products,allergens,rice snack,peanuts and products thereof
664,"meat, egg and dairy products",allergens,thermal processed pork meat,eggs and products thereof
665,cereals and bakery products,allergens,garlic sausage,peanuts and products thereof
666,seafood,allergens,Fishes not identified,milk and products thereof
667,"meat, egg and dairy products",allergens,eggs,eggs and products thereof
668,"meat, egg and dairy products",allergens,garlic sausage,milk and products thereof
669,ices and desserts,allergens,ice cream,cashew
670,"cocoa and cocoa preparations, coffee and tea",allergens,chocolates,sesame seeds and products thereof
671,fruits and vegetables,biological,fresh vegetables,listeria monocytogenes
672,seafood,biological,oysters,listeria monocytogenes
673,fruits and vegetables,allergens,sultanas,sulphur dioxide and sulphites
674,seafood,biological,clams,other
675,"meat, egg and dairy products",biological,cheese,listeria monocytogenes
676,cereals and bakery products,foreign bodies,bread and products therefor,plastic fragment
677,seafood,allergens,Fishes not identified,eggs and products thereof
678,fruits and vegetables,biological,garlic sausage,salmonella
679,"meat, egg and dairy products",allergens,beef products,soybeans and products thereof
680,seafood,allergens,fish products,eggs and products thereof
681,"meat, egg and dairy products",allergens,other not classified meat products,soybeans and products thereof
682,"cocoa and cocoa preparations, coffee and tea",allergens,dark chocolates,milk and products thereof
683,seafood,biological,Fishes not identified,listeria monocytogenes
684,non-alcoholic beverages,chemical,bottled water,other
685,"meat, egg and dairy products",other hazard,chicken based products,processing
686,prepared dishes and snacks,foreign bodies,Fishes not identified,plastic fragment
687,"meat, egg and dairy products",allergens,garlic sausage,milk and products thereof
688,cereals and bakery products,biological,garlic sausage,moulds
689,"cocoa and cocoa preparations, coffee and tea",biological,tea,salmonella
690,"meat, egg and dairy products",biological,pâté,listeria monocytogenes
691,prepared dishes and snacks,biological,ready to eat - cook meals,listeria monocytogenes
692,"meat, egg and dairy products",biological,veal meat,escherichia coli
693,"meat, egg and dairy products",biological,sausage,listeria monocytogenes
694,"meat, egg and dairy products",biological,raw beef meat,escherichia coli
695,"meat, egg and dairy products",biological,sandwiches,listeria monocytogenes
696,ices and desserts,allergens,ice cream,plastic fragment
697,fruits and vegetables,biological,garlic sausage,salmonella
698,"meat, egg and dairy products",biological,raw beef meat,escherichia coli
699,"meat, egg and dairy products",biological,raw beef meat,escherichia coli
700,"meat, egg and dairy products",fraud,pork sausage,cereals containing gluten and products thereof
701,"meat, egg and dairy products",foreign bodies,chicken based products,plastic fragment
702,"meat, egg and dairy products",biological,raw beef meat,escherichia coli
703,prepared dishes and snacks,allergens,other not classified meat products,soybeans and products thereof
704,prepared dishes and snacks,biological,ready to eat - cook meals,salmonella
705,"soups, broths, sauces and condiments",allergens,pesto,peanuts and products thereof
706,"meat, egg and dairy products",biological,infant formula,cronobacter spp
707,"meat, egg and dairy products",foreign bodies,thermal processed beef meat,plastic fragment
708,"meat, egg and dairy products",biological,raw beef meat,escherichia coli
709,"meat, egg and dairy products",biological,brazil nuts,salmonella
710,"soups, broths, sauces and condiments",organoleptic aspects,garlic sausage,listeria monocytogenes
711,"meat, egg and dairy products",fraud,frozen beef products,cereals containing gluten and products thereof
712,other food product / mixed,biological,garlic sausage,salmonella
713,"meat, egg and dairy products",foreign bodies,chicken based products,plastic fragment
714,"meat, egg and dairy products",biological,raw beef meat,escherichia coli
715,"meat, egg and dairy products",biological,thermal processed pork meat,listeria monocytogenes
716,seafood,fraud,Catfishes (freshwater),inspection issues
717,"soups, broths, sauces and condiments",allergens,soup,fish and products thereof
718,"meat, egg and dairy products",allergens,chicken based products,soybeans and products thereof
719,cereals and bakery products,allergens,cakes,cereals containing gluten and products thereof
720,"meat, egg and dairy products",biological,ground beef,salmonella
721,"meat, egg and dairy products",allergens,sweets,milk and products thereof
722,"meat, egg and dairy products",biological,garlic sausage,escherichia coli
723,cereals and bakery products,allergens,granola,pecan nut
724,"meat, egg and dairy products",biological,eggs,listeria monocytogenes
725,"meat, egg and dairy products",biological,garlic sausage,salmonella
726,prepared dishes and snacks,biological,sandwiches,listeria monocytogenes
727,fruits and vegetables,biological,peanuts,listeria monocytogenes
728,fruits and vegetables,biological,sunflower seed,listeria monocytogenes
729,prepared dishes and snacks,biological,potato salad,listeria monocytogenes
730,cereals and bakery products,allergens,cakes,peanuts and products thereof
731,"cocoa and cocoa preparations, coffee and tea",allergens,milk chocolates,milk and products thereof
732,prepared dishes and snacks,foreign bodies,other not classified meat products,plastic fragment
733,"meat, egg and dairy products",chemical,horses,chemical compound (unauthorised)
734,"soups, broths, sauces and condiments",biological,sauce,peanuts and products thereof
735,cereals and bakery products,allergens,wafers,peanuts and products thereof
736,"meat, egg and dairy products",allergens,garlic sausage,milk and products thereof
737,"meat, egg and dairy products",chemical,milk,other not classified chemical hazards
738,prepared dishes and snacks,allergens,pizza,soybeans and products thereof
739,"soups, broths, sauces and condiments",allergens,soup,mustard and products thereof
740,fruits and vegetables,allergens,garlic sausage,salmonella
741,"meat, egg and dairy products",allergens,thermal processed pork meat,milk and products thereof
742,"soups, broths, sauces and condiments",fraud,pesto,insufficient labelling/documentation
743,fruits and vegetables,biological,ready to eat - cook meals,salmonella
744,prepared dishes and snacks,allergens,garlic sausage,glass fragment
745,seafood,allergens,Fishes not identified,eggs and products thereof
746,"soups, broths, sauces and condiments",foreign bodies,sardines,glass fragment
747,"soups, broths, sauces and condiments",allergens,basil pesto sauce,peanuts and products thereof
748,"cocoa and cocoa preparations, coffee and tea",allergens,dark chocolates,milk and products thereof
749,fruits and vegetables,biological,bean sprouts,salmonella
750,prepared dishes and snacks,allergens,noodles,milk and products thereof
751,seafood,chemical,tuna,toxin
752,fruits and vegetables,allergens,prepared salads,cereals containing gluten and products thereof
753,seafood,allergens,salmon,cereals containing gluten and products thereof
754,ices and desserts,allergens,ice cream,milk and products thereof
755,prepared dishes and snacks,allergens,spring rolls,milk and products thereof
756,"meat, egg and dairy products",allergens,garlic sausage,soybeans and products thereof
757,cereals and bakery products,allergens,bread,e 425 - konjac unauthorised
758,"soups, broths, sauces and condiments",allergens,garlic sausage,peanuts and products thereof
759,prepared dishes and snacks,foreign bodies,frozen beef,stones
760,cereals and bakery products,allergens,cookies,peanuts and products thereof
761,"meat, egg and dairy products",biological,garlic sausage,escherichia coli
762,fruits and vegetables,biological,fresh mushrooms,listeria monocytogenes
763,"meat, egg and dairy products",biological,chicken,salmonella
764,"nuts, nut products and seeds",biological,canned corn,packaging defect
765,cereals and bakery products,allergens,cookies,milk and products thereof
766,ices and desserts,foreign bodies,garlic sausage,metal fragment
767,prepared dishes and snacks,biological,raw beef meat,escherichia coli
768,"meat, egg and dairy products",biological,garlic sausage,milk and products thereof
769,"meat, egg and dairy products",fraud,other not classified meat products,other
770,"soups, broths, sauces and condiments",allergens,garlic sausage,milk and products thereof
771,prepared dishes and snacks,allergens,ready to eat - cook meals,milk and products thereof
772,"soups, broths, sauces and condiments",allergens,dip-sauce,eggs and products thereof
773,"meat, egg and dairy products",biological,beef,escherichia coli
774,fruits and vegetables,biological,dried cranberries,escherichia coli
775,cereals and bakery products,allergens,cookies,milk and products thereof
776,seafood,biological,salmon,listeria monocytogenes
777,"soups, broths, sauces and condiments",allergens,curry,milk and products thereof
778,"meat, egg and dairy products",biological,cheese,listeria monocytogenes
779,"nuts, nut products and seeds",allergens,cakes,almond
780,cereals and bakery products,allergens,cookies,eggs and products thereof
781,"meat, egg and dairy products",fraud,other not classified meat products,inspection issues
782,fruits and vegetables,biological,onions,salmonella
783,cereals and bakery products,foreign bodies,pastry products,milk and products thereof
784,"meat, egg and dairy products",biological,chicken based products,listeria monocytogenes
785,fruits and vegetables,biological,garlic sausage,listeria monocytogenes
786,fruits and vegetables,allergens,green raisins,sulphur dioxide and sulphites
787,confectionery,other hazard,jellies,other not classified
788,"soups, broths, sauces and condiments",allergens,soup,cereals containing gluten and products thereof
789,non-alcoholic beverages,allergens,cereal drink,milk and products thereof
790,cereals and bakery products,allergens,cakes,soybeans and products thereof
791,"meat, egg and dairy products",allergens,smoked sausage,soybeans and products thereof
792,"cocoa and cocoa preparations, coffee and tea",allergens,chocolates,peanuts and products thereof
793,"dietetic foods, food supplements, fortified foods",allergens,garlic sausage,soybeans and products thereof
794,cereals and bakery products,allergens,garlic sausage,milk and products thereof
795,"meat, egg and dairy products",foreign bodies,garlic sausage,foreign bodies
796,cereals and bakery products,allergens,ham,cereals containing gluten and products thereof
797,cereals and bakery products,foreign bodies,corn,glass fragment
798,cereals and bakery products,foreign bodies,corn,glass fragment
799,seafood,biological,salmon,listeria monocytogenes
800,"meat, egg and dairy products",allergens,chicken based products,cereals containing gluten and products thereof
801,"soups, broths, sauces and condiments",organoleptic aspects,soup,spoilage
802,"meat, egg and dairy products",foreign bodies,ground beef,plastic fragment
803,"meat, egg and dairy products",allergens,thermal processed pork meat,mustard and products thereof
804,food additives and flavourings,fraud,sweeteners,undeclared additive
805,fruits and vegetables,biological,broccoli,listeria monocytogenes
806,fruits and vegetables,allergens,garlic sausage,eggs and products thereof
807,confectionery,biological,jellies,e 425 - konjac unauthorised
808,cereals and bakery products,foreign bodies,cakes,metal fragment
809,cereals and bakery products,biological,garlic sausage,salmonella
810,"meat, egg and dairy products",biological,garlic sausage,moulds
811,"meat, egg and dairy products",allergens,garlic sausage,cereals containing gluten and products thereof
812,"meat, egg and dairy products",biological,cheese,listeria monocytogenes
813,cereals and bakery products,allergens,garlic sausage,cereals containing gluten and products thereof
814,"soups, broths, sauces and condiments",allergens,chilli paste,fish and products thereof
815,"meat, egg and dairy products",biological,cheese,escherichia coli
816,alcoholic beverages,allergens,beer,milk and products thereof
817,cereals and bakery products,foreign bodies,garlic sausage,plastic fragment
818,"meat, egg and dairy products",chemical,garlic sausage,milk and products thereof
819,cereals and bakery products,biological,frozen pie,moulds
820,fruits and vegetables,allergens,dried apples,sulphur dioxide and sulphites
821,cereals and bakery products,allergens,cakes,almond
822,cereals and bakery products,chemical,crispbread,unauthorised substance ethylene oxide
823,"nuts, nut products and seeds",chemical,tahini,unauthorised substance ethylene oxide
824,fruits and vegetables,biological,peanuts,listeria monocytogenes
825,cereals and bakery products,allergens,cookies,milk and products thereof
826,fruits and vegetables,fraud,dates,sulphur dioxide
827,fruits and vegetables,chemical,mango,heavy metals
828,"meat, egg and dairy products",fraud,other not classified meat products,inspection issues
829,"nuts, nut products and seeds",allergens,spreads,peanuts and products thereof
830,"cocoa and cocoa preparations, coffee and tea",biological,garlic sausage,milk and products thereof
831,"soups, broths, sauces and condiments",allergens,soup,eggs and products thereof
832,"meat, egg and dairy products",foreign bodies,pork sausage,plastic fragment
833,food additives and flavourings,chemical,"emulsifiers, stabilizers, thickeners and gelling agents",unauthorised substance ethylene oxide
834,seafood,biological,garlic sausage,salmonella
835,cereals and bakery products,allergens,cakes,soybeans and products thereof
836,seafood,allergens,Fishes not identified,eggs and products thereof
837,cereals and bakery products,allergens,garlic sausage,milk and products thereof
838,fruits and vegetables,foreign bodies,garlic sausage,glass fragment
839,seafood,chemical,crispbread,unauthorised substance ethylene oxide
840,fruits and vegetables,allergens,salads,cereals containing gluten and products thereof
841,cereals and bakery products,allergens,garlic sausage,milk and products thereof
842,"meat, egg and dairy products",biological,ground beef,escherichia coli
843,"soups, broths, sauces and condiments",allergens,basil pesto sauce,pistachio nut
844,cereals and bakery products,packaging defect,garlic sausage,packaging defect
845,"nuts, nut products and seeds",allergens,garlic sausage,milk and products thereof
846,prepared dishes and snacks,allergens,fruits and vegetables,fish and products thereof
847,seafood,fraud,garlic sausage,listeria monocytogenes
848,cereals and bakery products,allergens,muesli,almond
849,"cocoa and cocoa preparations, coffee and tea",biological,tea,salmonella
850,"meat, egg and dairy products",allergens,other not classified meat products,eggs and products thereof
851,cereals and bakery products,allergens,biscuits,milk and products thereof
852,"meat, egg and dairy products",biological,poultry meat and poultry meat products,salmonella
853,seafood,chemical,Fishes not identified,chemical compound (unauthorised)
854,"nuts, nut products and seeds",allergens,garlic sausage,salmonella
855,"cocoa and cocoa preparations, coffee and tea",allergens,chocolate bars,milk and products thereof
856,cereals and bakery products,allergens,cookies,milk and products thereof
857,"nuts, nut products and seeds",chemical,dried almonds,high content of cyanide
858,"soups, broths, sauces and condiments",fraud,prepared dish,other
859,fruits and vegetables,allergens,golden raisins/sultanas,sulphur dioxide and sulphites
860,"soups, broths, sauces and condiments",biological,garlic sausage,listeria monocytogenes
861,cereals and bakery products,allergens,cakes,hazelnut
862,seafood,biological,trouts,clostridium botulinum
863,"meat, egg and dairy products",foreign bodies,ground beef,plastic fragment
864,"dietetic foods, food supplements, fortified foods",allergens,dietary supplement,soybeans and products thereof
865,"meat, egg and dairy products",biological,turkey and turkey preparations,salmonella
866,fruits and vegetables,biological,dates,enteroviruses
867,prepared dishes and snacks,allergens,pizza,milk and products thereof
868,"nuts, nut products and seeds",allergens,almond products,peanuts and products thereof
869,"nuts, nut products and seeds",allergens,peanuts,cashew
870,cereals and bakery products,biological,bread,moulds
871,"meat, egg and dairy products",biological,garlic sausage,salmonella
872,fruits and vegetables,fraud,garlic sausage,incorrect use by dates
873,prepared dishes and snacks,allergens,potato chips,milk and products thereof
874,"cocoa and cocoa preparations, coffee and tea",allergens,milk chocolates,hazelnut
875,"nuts, nut products and seeds",allergens,peanuts,cashew
876,cereals and bakery products,allergens,garlic sausage,sesame seeds and products thereof
877,prepared dishes and snacks,allergens,garlic sausage,milk and products thereof
878,cereals and bakery products,fraud,snack crackers,cereals
879,prepared dishes and snacks,biological,ready to eat - cook meals,salmonella
880,cereals and bakery products,allergens,corn,milk and products thereof
881,cereals and bakery products,allergens,garlic sausage,milk and products thereof
882,fruits and vegetables,biological,fruits and vegetables,listeria monocytogenes
883,herbs and spices,biological,garlic sausage,salmonella
884,"nuts, nut products and seeds",allergens,garlic sausage,cashew
885,pet feed,biological,pet feed,salmonella
886,fruits and vegetables,allergens,garlic sausage,sulphur dioxide and sulphites
887,seafood,biological,shrimps,salmonella
888,prepared dishes and snacks,allergens,garlic sausage,cereals containing gluten and products thereof
889,ices and desserts,allergens,ice cream,cereals containing gluten and products thereof
890,prepared dishes and snacks,allergens,garlic sausage,milk and products thereof
891,fruits and vegetables,allergens,mashed chickpeas (hummus),sesame seeds and products thereof
892,"meat, egg and dairy products",chemical,garlic sausage,toxin
893,cereals and bakery products,allergens,garlic sausage,cereals containing gluten and products thereof
894,confectionery,other hazard,jellies,other not classified
895,"meat, egg and dairy products",biological,cheese,listeria monocytogenes
896,fruits and vegetables,biological,fruits and vegetables,listeria monocytogenes
897,herbs and spices,biological,seasoning,salmonella
898,pet feed,chemical,pet feed,other
899,prepared dishes and snacks,allergens,snacks (various),milk and products thereof
900,seafood,allergens,bread,milk and products thereof
901,"meat, egg and dairy products",biological,raw milk,escherichia coli
902,cereals and bakery products,chemical,garlic sausage,other
903,cereals and bakery products,allergens,cookies,peanuts and products thereof
904,fruits and vegetables,biological,broccoli,listeria monocytogenes
905,cereals and bakery products,biological,buns,salmonella
906,"dietetic foods, food supplements, fortified foods",chemical,"dietetic foods, food supplements, fortified foods",unauthorised substance ethylene oxide
907,"meat, egg and dairy products",chemical,cream cheese,unauthorised substance ethylene oxide
908,cereals and bakery products,allergens,cakes,walnut
909,other food product / mixed,fraud,dried shrimp noodles,sulphur dioxide
910,"soups, broths, sauces and condiments",foreign bodies,salt,plastic fragment
911,prepared dishes and snacks,biological,prepared salads,listeria monocytogenes
912,cereals and bakery products,allergens,garlic sausage,milk and products thereof
913,prepared dishes and snacks,biological,cooked chicken,listeria monocytogenes
914,prepared dishes and snacks,foreign bodies,garlic sausage,plastic fragment
915,other food product / mixed,chemical,cbd products,other
916,cereals and bakery products,foreign bodies,garlic sausage,glass fragment
917,"meat, egg and dairy products",biological,garlic sausage,milk and products thereof
918,"meat, egg and dairy products",foreign bodies,chicken,plastic fragment
919,seafood,biological,salmon,listeria monocytogenes
920,seafood,biological,salmon,clostridium botulinum
921,ices and desserts,foreign bodies,ice cream,plastic fragment
922,seafood,chemical,"emulsifiers, stabilizers, thickeners and gelling agents",unauthorised substance ethylene oxide
923,fruits and vegetables,biological,sprouts,salmonella
924,seafood,biological,garlic sausage,listeria monocytogenes
925,herbs and spices,chemical,"emulsifiers, stabilizers, thickeners and gelling agents",unauthorised substance ethylene oxide
926,"soups, broths, sauces and condiments",biological,prepared dish,salmonella
927,"meat, egg and dairy products",foreign bodies,other not classified meat products,metal fragment
928,"dietetic foods, food supplements, fortified foods",biological,probiotic food supplement,pseudomonas spp.
929,cereals and bakery products,allergens,bread,sesame seeds and products thereof
930,fruits and vegetables,allergens,dried apricots,sulphur dioxide and sulphites
931,prepared dishes and snacks,chemical,instant noodles,unauthorised substance ethylene oxide
932,"meat, egg and dairy products",biological,garlic sausage,escherichia coli
933,"meat, egg and dairy products",biological,garlic sausage,salmonella
934,"dietetic foods, food supplements, fortified foods",allergens,garlic sausage,milk and products thereof
935,fruits and vegetables,fraud,dates,sulphur dioxide
936,"meat, egg and dairy products",foreign bodies,garlic sausage,metal fragment
937,"soups, broths, sauces and condiments",allergens,garlic sausage,mustard and products thereof
938,prepared dishes and snacks,allergens,ready to eat - cook meals,milk and products thereof
939,seafood,biological,turbot flatfish (psetta maxima),listeria monocytogenes
940,seafood,biological,tuna,salmonella
941,"cocoa and cocoa preparations, coffee and tea",allergens,dark chocolates,eggs and products thereof
942,cereals and bakery products,allergens,corn,peanuts and products thereof
943,cereals and bakery products,foreign bodies,garlic sausage,insects
944,fruits and vegetables,allergens,garlic sausage,peanuts and products thereof
945,"cocoa and cocoa preparations, coffee and tea",allergens,chocolate chips,soybeans and products thereof
946,seafood,fraud,Catfishes (freshwater),inspection issues
947,"soups, broths, sauces and condiments",biological,sauces,salmonella
948,"meat, egg and dairy products",fraud,beef products,milk and products thereof
949,fruits and vegetables,biological,salads,listeria monocytogenes
950,"cocoa and cocoa preparations, coffee and tea",allergens,dark chocolates,milk and products thereof
951,"soups, broths, sauces and condiments",foreign bodies,chicken based products,plastic fragment
952,fruits and vegetables,other hazard,garlic sausage,listeria monocytogenes
953,cereals and bakery products,allergens,tortilla,cereals containing gluten and products thereof
954,"meat, egg and dairy products",allergens,yoghurt,eggs and products thereof
955,fruits and vegetables,biological,ready to eat - cook meals,listeria monocytogenes
956,fruits and vegetables,biological,fresh mushrooms,plastic fragment
957,fruits and vegetables,biological,garlic sausage,listeria monocytogenes
958,fruits and vegetables,allergens,dates,sulphur dioxide and sulphites
959,"meat, egg and dairy products",biological,halloumi cheese,listeria monocytogenes
960,seafood,biological,oysters,norovirus
961,confectionery,other hazard,jellies,other not classified
962,non-alcoholic beverages,allergens,coconut milk,milk and products thereof
963,cereals and bakery products,allergens,cookies,milk and products thereof
964,seafood,biological,oysters,norovirus
965,"nuts, nut products and seeds",biological,poppy,salmonella
966,confectionery,biological,confectionery,salmonella
967,cereals and bakery products,allergens,bars,peanuts and products thereof
968,"nuts, nut products and seeds",biological,poppy,salmonella
969,cereals and bakery products,allergens,ready to eat - cook meals,milk and products thereof
970,"soups, broths, sauces and condiments",allergens,garlic sausage,cereals containing gluten and products thereof
971,seafood,biological,duck,virus
972,"meat, egg and dairy products",foreign bodies,thermal processed pork meat,plastic fragment
973,"meat, egg and dairy products",biological,hot dog sausages,salmonella
974,"soups, broths, sauces and condiments",allergens,dip-sauce,nuts
975,"nuts, nut products and seeds",biological,peanuts,salmonella
976,fruits and vegetables,biological,garlic sausage,listeria monocytogenes
977,"nuts, nut products and seeds",biological,peanuts,salmonella
978,ices and desserts,allergens,ice cream,peanuts and products thereof
979,"dietetic foods, food supplements, fortified foods",allergens,cookies,peanuts and products thereof
980,"nuts, nut products and seeds",biological,peanuts,salmonella
981,prepared dishes and snacks,allergens,almonds,eggs and products thereof
982,seafood,biological,prawns,norovirus
983,"meat, egg and dairy products",biological,infant formula,salmonella
984,fruits and vegetables,biological,raspberries,norovirus
985,cereals and bakery products,allergens,garlic sausage,listeria monocytogenes
986,"soups, broths, sauces and condiments",foreign bodies,garlic sausage,peanuts and products thereof
987,"meat, egg and dairy products",fraud,garlic sausage,inspection issues
988,honey and royal jelly,chemical,honey,unauthorised substance sildenafil
989,herbs and spices,allergens,spice mix,salmonella
990,prepared dishes and snacks,allergens,garlic sausage,cereals containing gluten and products thereof
991,"cocoa and cocoa preparations, coffee and tea",allergens,chocolate products,milk and products thereof
992,"meat, egg and dairy products",allergens,chicken based products,salmonella
993,fruits and vegetables,biological,dried elder berries,salmonella
994,seafood,biological,fish and fish products,listeria monocytogenes
995,cereals and bakery products,chemical,millet,alkaloids
996,"cocoa and cocoa preparations, coffee and tea",allergens,chocolate bars,milk and products thereof
